<?xml version="1.0" encoding="UTF-8"?>
<addons>
	<addon id="plugin.program.ADVSet" name="[COLOR orange] ADV [/COLOR]Set" version="2.4" provider-name="Chem@i">
	  <requires>
		<import addon="xbmc.python" version="2.1.0"/>
	  </requires>
	  <extension point="xbmc.python.pluginsource" library="default.py">
		<provides>executable</provides>
	  </extension>
	  <extension point="xbmc.service" library="startup.py" start="startup" />
	  <extension point="xbmc.addon.metadata">
	  <summary>ADV Set - Utilidades by Chem@i</summary>
	  <description>ADV Set. Utilidades extraídas de la web, siendo propiedad de sus autores, para el mantenimiento, optimización, y backup de Kodi. Utilízalo con precaución.</description>
		<news>[COLOR orange] ADV [/COLOR]Set v 2.4
	* Modificacion en test de los archivos Advanced Settings.

		  </news>
		  <disclaimer>[COLOR red][B]Enjoy KODI.[/B][/COLOR]</disclaimer>
		  <platform>all</platform>
		  <assets>
		  <icon>icon.png</icon>
		  <fanart>fanart.jpg</fanart>
					<screenshot>resources/media/screenshot000.jpg</screenshot>
					<screenshot>resources/media/screenshot001.jpg</screenshot>
					<screenshot>resources/media/screenshot002.jpg</screenshot>
					<screenshot>resources/media/screenshot003.jpg</screenshot>
					<screenshot>resources/media/screenshot004.jpg</screenshot>
		</assets>
		<license>GNU/GPL - v2</license>
		<forum>https://docs.google.com/document/d/1nMUbPzMsP8f96eQBmLrd3vgYkEOyCAsfGif76VzazDM/edit</forum>
		<website>web</website>
		<email>my@email.com</email>
		<source>https://</source>
	  </extension>

	  <extension point="xbmc.addon.repository" name="Mi repositorio">
			<info>https://raw.githubusercontent.com/picapaujulen/repositorio/master/Repositorio/addons.xml</info>
			<checksum>https://raw.githubusercontent.com/picapaujulen/repositorio/master/Repositorio/addons.xml.md5</checksum>
			<datadir zip="true">https://raw.githubusercontent.com/picapaujulen/repositorio/master/Repositorio/</datadir>
		</extension>

	</addon>

	<addon id="plugin.video.AprendiendoKodi"
		name="[COLOR lime]Aprendiendo Kodi[/COLOR]"
		version="0.0.1"
		provider-name="Catoal">
	  <requires>
		<import addon="xbmc.python" version="2.1.0"/>
		<import addon="script.module.addon.common" version="2.0.0"/>
		<import addon="plugin.video.youtube" version="5.0.0"/>
	  </requires>
	  <extension point="xbmc.python.pluginsource" library="default.py">
		<provides>video</provides>
	  </extension>
	  <extension point="xbmc.addon.metadata">
		<summary lang="es">videos Tutoriales</summary>
		<description lang="es">Kodi, Addon , Repositorios</description>
		<platform>all</platform>
		<forum>n/a</forum>
		<info>Todos los videos que vais a ver son míos. Solo entra y disfruta de Kodi que es mi misión.</info>
		<website>https://aprendiendokodi.com/</website>
	  </extension>
	</addon>

	<addon id="repository.subaru" name="Subaru Repository" version="0.0.1" provider-name="Subaru">
		<requires>
			<import addon="xbmc.addon" version="12.0.0"/>
		</requires>
		<extension point="xbmc.addon.repository" name="Subaru Repository">
			<info compressed="false">https://raw.githubusercontent.com/jmartinez80/subaru/master/zips/addons.xml</info>
			<checksum>https://raw.githubusercontent.com/jmartinez80/subaru/master/zips/addons.xml.md5</checksum>
			<datadir zip="true">https://raw.githubusercontent.com/jmartinez80/subaru/master/zips/</datadir>
			<hashes>false</hashes>
			<dir>
				<info compressed="false">https://raw.githubusercontent.com/totalrevolution/totalrevolution/master/zips/addons.xml</info>
				<checksum>https://raw.githubusercontent.com/totalrevolution/totalrevolution/master/zips/addons.xml.md5</checksum>
				<datadir zip="true">https://raw.githubusercontent.com/totalrevolution/totalrevolution/master/zips/</datadir>
			</dir>
			<dir>
				<info compressed="false">https://raw.githubusercontent.com/jenaddon/repository.jenrepo/master/zips/addons.xml</info>
				<checksum>https://raw.githubusercontent.com/jenaddon/repository.jenrepo/master/zips/addons.xml.md5</checksum>
				<datadir zip="true">https://raw.githubusercontent.com/jenaddon/repository.jenrepo/master/zips/</datadir>
				<hashes>false</hashes>
			</dir>
			<dir>
				<info compressed="false">https://raw.githubusercontent.com/jsergio123/zips/master/addons.xml</info>
				<checksum>https://raw.githubusercontent.com/jsergio123/zips/master/addons.xml.md5</checksum>
				<datadir zip="true">https://raw.githubusercontent.com/jsergio123/zips/master/</datadir>
				<hashes>false</hashes>
			</dir>
			<dir>
				<info compressed="false">https://raw.githubusercontent.com/teamuniversal/scrapers/master/_modules4all/zips/addons.xml</info>
				<checksum>https://raw.githubusercontent.com/teamuniversal/scrapers/master/_modules4all/zips/addons.xml.md5</checksum>
				<datadir zip="true">https://raw.githubusercontent.com/teamuniversal/scrapers/master/_modules4all/zips/</datadir>
				<hashes>false</hashes>
			</dir>
			<dir>
				<info compressed="false">https://raw.githubusercontent.com/jdf76/repository/master/unofficial/addons.xml</info>
				<checksum>https://raw.githubusercontent.com/jdf76/repository/master/unofficial/addons.xml.md5</checksum>
				<datadir zip="true">https://raw.githubusercontent.com/jdf76/repository/master/unofficial/zips</datadir>
				<hashes>false</hashes>
			</dir>
			<dir minversion="15.0.0">
				<info compressed="true">https://github.com/mikesilvo164/repo.aeon.nox.silvo/raw/master/isengard/addons.xml</info>
				<checksum>https://github.com/mikesilvo164/repo.aeon.nox.silvo/raw/master/isengard/addons.xml.md5</checksum>
				<datadir zip="true">https://github.com/mikesilvo164/repo.aeon.nox.silvo/raw/master/isengard</datadir>
			</dir>
			<dir minversion="16.0.0">
				<info compressed="true">https://github.com/mikesilvo164/repo.aeon.nox.silvo/raw/master/jarvis/addons.xml</info>
				<checksum>https://github.com/mikesilvo164/repo.aeon.nox.silvo/raw/master/jarvis/addons.xml.md5</checksum>
				<datadir zip="true">https://github.com/mikesilvo164/repo.aeon.nox.silvo/raw/master/jarvis</datadir>
			</dir>
			<dir minversion="17.0.0">
				<info compressed="true">https://github.com/mikesilvo164/repo.aeon.nox.silvo/raw/master/krypton/addons.xml</info>
				<checksum>https://github.com/mikesilvo164/repo.aeon.nox.silvo/raw/master/krypton/addons.xml.md5</checksum>
				<datadir zip="true">https://github.com/mikesilvo164/repo.aeon.nox.silvo/raw/master/krypton</datadir>
			</dir>
			<dir minversion="17.9.0">
				<info compressed="true">https://github.com/mikesilvo164/repo.aeon.nox.silvo/raw/master/leia/addons.xml</info>
				<checksum>https://github.com/mikesilvo164/repo.aeon.nox.silvo/raw/master/leia/addons.xml.md5</checksum>
				<datadir zip="true">https://github.com/mikesilvo164/repo.aeon.nox.silvo/raw/master/leia</datadir>
			</dir>
			<dir>
				<info compressed="false">https://raw.githubusercontent.com/Maverick53/modrepo/master/addons.xml</info>
				<checksum>https://raw.githubusercontent.com/Maverick53/modrepo/master/addons.xml.md5</checksum>
				<datadir zip="true">https://raw.githubusercontent.com/Maverick53/modrepo/master/plugins/</datadir>
			</dir>
			<dir>
				<info compressed="false">https://raw.githubusercontent.com/Maverick53/repo/master/addons.xml</info>
				<checksum>https://raw.githubusercontent.com/Maverick53/repo/master/addons.xml.md5</checksum>
				<datadir zip="true">https://raw.githubusercontent.com/Maverick53/repo/master/plugins/</datadir>
			</dir>
		</extension>
		<extension point="xbmc.addon.metadata">
			<summary>Subaru Official Repository!</summary>
			<description>Subaru Official Repository</description>
			<platform>all</platform>
			<genre>movies,usa</genre>
		</extension>
	</addon>

	<addon id="script.module.resolveurl" name="ResolveURL" version="5.0.33" provider-name="jsergio">
		<requires>
			<import addon="xbmc.python" version="2.1.0" />
			<import addon="plugin.video.youtube" optional="true" />
			<import addon="script.module.python.twitch" optional="true" />
			<import addon="script.module.cryptopy" version="1.2.6" optional="true" />
			<import addon="plugin.video.gdrive" optional="true" />
		</requires>
		<extension point="xbmc.python.module" library="lib" />
		<extension point="xbmc.python.pluginsource" library="lib/default.py" />
		<extension point="xbmc.addon.metadata">
			<platform>all</platform>
			<summary lang="en">Resolve common video host URL's to be playable in XBMC/Kodi.</summary>
			<summary lang="es">Resolver enlaces a videos de sitios populares para poder reproducirlos en XBMC/Kodi.</summary>
			<summary lang="hr">Prilagodi najčešće URL-ove video izvora kako bi radili u XBMC/Kodiju.</summary>
			<summary lang="el">Επίλυση συνδέσμων κοινών εξυπηρετητών σε μορφή βίντεο ικανό για αναπαραγωγή στο XBMC/Kodi.</summary>
			<description lang="en">Resolve common video host URL's to be playable in XBMC/Kodi, simplify addon development of video plugins requiring multi video hosts.</description>
			<description lang="hr">Prilagodi najčešće URL-ove video izvora kako bi radili u XBMC/Kodiju, pojednostavnjuje razvoj priključaka za video dodatke koji zahtjevaju višestruke video izvore.</description>
		</extension>
	</addon>

	<addon id="script.module.urlresolver" name="URLResolver" version="5.0.38" provider-name="tvaddons">
		<requires>
			<import addon="xbmc.python" version="2.1.0" />
			<import addon="plugin.video.youtube" optional="true" />
			<import addon="script.module.python.twitch" optional="true" />
			<import addon="script.module.cryptopy" version="1.2.6" optional="true" />
			<import addon="plugin.video.gdrive" optional="true" />
		</requires>
		<extension point="xbmc.python.module" library="lib" />
		<extension point="xbmc.python.pluginsource" library="lib/default.py" />
		<extension point="xbmc.addon.metadata">
			<platform>all</platform>
			<summary lang="en">Resolve common video host URL's to be playable in XBMC/Kodi.</summary>
			<summary lang="es">Resolver enlaces a videos de sitios populares para poder reproducirlos en XBMC/Kodi.</summary>
			<summary lang="hr">Prilagodi najčešće URL-ove video izvora kako bi radili u XBMC/Kodiju.</summary>
			<summary lang="el">Επίλυση συνδέσμων κοινών εξυπηρετητών σε μορφή βίντεο ικανό για αναπαραγωγή στο XBMC/Kodi.</summary>
			<description lang="en">Resolve common video host URL's to be playable in XBMC/Kodi, simplify addon development of video plugins requiring multi video hosts.</description>
			<description lang="hr">Prilagodi najčešće URL-ove video izvora kako bi radili u XBMC/Kodiju, pojednostavnjuje razvoj priključaka za video dodatke koji zahtjevaju višestruke video izvore.</description>
			<forum>https://www.tvaddons.co/forums</forum>
			<website>https://www.tvaddons.co</website>
		</extension>
	</addon>
</addons>
