<?xml version="1.0" encoding="UTF-8" standalone="yes"?>
<addon id="plugin.video.AprendiendoKodi"
	name="[COLOR lime]Aprendiendo Kodi[/COLOR]"
	version="0.0.1"
	provider-name="Catoal">
  <requires>
    <import addon="xbmc.python" version="2.1.0"/>
    <import addon="script.module.addon.common" version="2.0.0"/>
    <import addon="plugin.video.youtube" version="5.0.0"/>
  </requires>
  <extension point="xbmc.python.pluginsource" library="default.py">
    <provides>video</provides>
  </extension>
  <extension point="xbmc.addon.metadata">
    <summary lang="es">videos Tutoriales</summary>
    <description lang="es">Kodi, Addon , Repositorios</description>
    <platform>all</platform>
    <forum>n/a</forum>
	<info>Todos los videos que vais a ver son míos. Solo entra y disfruta de Kodi que es mi misión.</info>
    <website>https://aprendiendokodi.com/</website>
  </extension>
</addon>
