<?xml version="1.0" encoding="UTF-8" standalone="yes"?>
<addon id="repository.subaru" name="Subaru Repository" version="0.0.13" provider-name="Subaru">
    <requires>
        <import addon="xbmc.addon" version="12.0.0"/>
    </requires>
    <extension point="xbmc.addon.repository" name="Subaru Repository">
        <info compressed="false">https://raw.githubusercontent.com/jmartinez80/subaru/master/zips/addons.xml</info>
        <checksum>https://raw.githubusercontent.com/jmartinez80/subaru/master/zips/addons.xml.md5</checksum>
        <datadir zip="true">https://raw.githubusercontent.com/jmartinez80/subaru/master/zips/</datadir>
        <hashes>false</hashes>
        <dir>
            <info compressed="false">https://raw.githubusercontent.com/totalrevolution/totalrevolution/master/zips/addons.xml</info>
            <checksum>https://raw.githubusercontent.com/totalrevolution/totalrevolution/master/zips/addons.xml.md5</checksum>
            <datadir zip="true">https://raw.githubusercontent.com/totalrevolution/totalrevolution/master/zips/</datadir>
        </dir>
        <dir>
            <info compressed="false">https://raw.githubusercontent.com/jenaddon/repository.jenrepo/master/zips/addons.xml</info>
            <checksum>https://raw.githubusercontent.com/jenaddon/repository.jenrepo/master/zips/addons.xml.md5</checksum>
            <datadir zip="true">https://raw.githubusercontent.com/jenaddon/repository.jenrepo/master/zips/</datadir>
            <hashes>false</hashes>
        </dir>
		<dir>
            <info compressed="false">https://raw.githubusercontent.com/jsergio123/zips/master/addons.xml</info>
            <checksum>https://raw.githubusercontent.com/jsergio123/zips/master/addons.xml.md5</checksum>
            <datadir zip="true">https://raw.githubusercontent.com/jsergio123/zips/master/</datadir>
            <hashes>false</hashes>
        </dir>
		<dir>
            <info compressed="false">https://raw.githubusercontent.com/teamuniversal/scrapers/master/_modules4all/zips/addons.xml</info>
            <checksum>https://raw.githubusercontent.com/teamuniversal/scrapers/master/_modules4all/zips/addons.xml.md5</checksum>
            <datadir zip="true">https://raw.githubusercontent.com/teamuniversal/scrapers/master/_modules4all/zips/</datadir>
            <hashes>false</hashes>
        </dir>
		<dir>
            <info compressed="false">https://raw.githubusercontent.com/jdf76/repository/master/unofficial/addons.xml</info>
            <checksum>https://raw.githubusercontent.com/jdf76/repository/master/unofficial/addons.xml.md5</checksum>
            <datadir zip="true">https://raw.githubusercontent.com/jdf76/repository/master/unofficial/zips</datadir>
            <hashes>false</hashes>
        </dir>
		<dir minversion="15.0.0">
			<info compressed="true">https://github.com/mikesilvo164/repo.aeon.nox.silvo/raw/master/isengard/addons.xml</info>
			<checksum>https://github.com/mikesilvo164/repo.aeon.nox.silvo/raw/master/isengard/addons.xml.md5</checksum>
			<datadir zip="true">https://github.com/mikesilvo164/repo.aeon.nox.silvo/raw/master/isengard</datadir>
		</dir>
		<dir minversion="16.0.0">
			<info compressed="true">https://github.com/mikesilvo164/repo.aeon.nox.silvo/raw/master/jarvis/addons.xml</info>
			<checksum>https://github.com/mikesilvo164/repo.aeon.nox.silvo/raw/master/jarvis/addons.xml.md5</checksum>
			<datadir zip="true">https://github.com/mikesilvo164/repo.aeon.nox.silvo/raw/master/jarvis</datadir>
		</dir>
		<dir minversion="17.0.0">
			<info compressed="true">https://github.com/mikesilvo164/repo.aeon.nox.silvo/raw/master/krypton/addons.xml</info>
			<checksum>https://github.com/mikesilvo164/repo.aeon.nox.silvo/raw/master/krypton/addons.xml.md5</checksum>
			<datadir zip="true">https://github.com/mikesilvo164/repo.aeon.nox.silvo/raw/master/krypton</datadir>
		</dir>
		<dir minversion="17.9.0">
			<info compressed="true">https://github.com/mikesilvo164/repo.aeon.nox.silvo/raw/master/leia/addons.xml</info>
			<checksum>https://github.com/mikesilvo164/repo.aeon.nox.silvo/raw/master/leia/addons.xml.md5</checksum>
			<datadir zip="true">https://github.com/mikesilvo164/repo.aeon.nox.silvo/raw/master/leia</datadir>
		</dir>
		<dir>
			<info compressed="false">https://raw.githubusercontent.com/Maverick53/modrepo/master/addons.xml</info>
			<checksum>https://raw.githubusercontent.com/Maverick53/modrepo/master/addons.xml.md5</checksum>
			<datadir zip="true">https://raw.githubusercontent.com/Maverick53/modrepo/master/plugins/</datadir>
		</dir>
		<dir>
			<info compressed="false">https://raw.githubusercontent.com/Maverick53/repo/master/addons.xml</info>
			<checksum>https://raw.githubusercontent.com/Maverick53/repo/master/addons.xml.md5</checksum>
			<datadir zip="true">https://raw.githubusercontent.com/Maverick53/repo/master/plugins/</datadir>
		</dir>
    </extension>
    <extension point="xbmc.addon.metadata">
        <summary>Subaru Official Repository!</summary>
        <description>Subaru Official Repository</description>
        <platform>all</platform>
        <genre>movies,usa</genre>
    </extension>
</addon>